nominal;data;curs;rub;
100;01.02.19;93.6357;0.936357;1252
100;02.02.19;94.0689;0.940689;1251
100;05.02.19;93.8953;0.938953;1250
100;06.02.19;93.8713;0.938713;1249
100;07.02.19;94.1081;0.941081;1248
100;08.02.19;94.5573;0.945573;1247
100;09.02.19;94.6458;0.946458;1246
100;12.02.19;94.1243;0.941243;1245
100;13.02.19;94.1202;0.941202;1244
100;14.02.19;94.0950;0.94095;1243
100;15.02.19;95.3473;0.953473;1242
100;16.02.19;95.5924;0.955924;1241
100;19.02.19;94.9778;0.949778;1240
100;20.02.19;94.9135;0.949135;1239
100;21.02.19;94.3642;0.943642;1238
100;22.02.19;93.9913;0.939913;1237
100;23.02.19;93.8743;0.938743;1236
100;26.02.19;93.6541;0.936541;1235
100;27.02.19;94.2113;0.942113;1234
100;28.02.19;94.3564;0.943564;1233
100;01.03.19;94.5466;0.945466;1232
100;02.03.19;94.4389;0.944389;1231
100;05.03.19;94.3983;0.943983;1230
100;06.03.19;94.4052;0.944052;1229
100;07.03.19;94.4121;0.944121;1228
100;08.03.19;94.6000;0.946;1227
100;12.03.19;94.7330;0.94733;1226
100;13.03.19;94.2902;0.942902;1225
100;14.03.19;93.9132;0.939132;1224
100;15.03.19;93.6993;0.936993;1223
100;16.03.19;93.7251;0.937251;1222
100;19.03.19;92.7160;0.92716;1221
100;20.03.19;91.9408;0.919408;1220
100;21.03.19;91.9437;0.919437;1219
100;22.03.19;91.1824;0.911824;1218
100;23.03.19;91.2228;0.912228;1217
100;26.03.19;92.4721;0.924721;1216
100;27.03.19;91.9976;0.919976;1215
100;28.03.19;92.5792;0.925792;1214
100;29.03.19;92.8384;0.928384;1213
100;30.03.19;92.7431;0.927431;1212
100;02.04.19;93.7215;0.937215;1211
100;03.04.19;93.5336;0.935336;1210
100;04.04.19;93.3580;0.93358;1209
100;05.04.19;93.5598;0.935598;1208
100;06.04.19;93.6730;0.93673;1207
100;09.04.19;93.3569;0.933569;1206
100;10.04.19;92.5512;0.925512;1205
100;11.04.19;92.4885;0.924885;1204
100;12.04.19;92.0013;0.920013;1203
100;13.04.19;92.3983;0.923983;1202
100;16.04.19;91.7813;0.917813;1201
100;17.04.19;91.8402;0.918402;1200
100;18.04.19;91.7103;0.917103;1199
100;19.04.19;91.7516;0.917516;1198
100;20.04.19;91.6040;0.91604;1197
100;23.04.19;91.3936;0.913936;1196
100;24.04.19;91.3611;0.913611;1195
100;25.04.19;91.6616;0.916616;1194
100;26.04.19;92.7303;0.927303;1193
100;27.04.19;92.6346;0.926346;1192
100;30.04.19;92.6483;0.926483;1191
100;01.05.19;92.5620;0.92562;1190
100;07.05.19;93.3370;0.93337;1189
100;08.05.19;93.4001;0.934001;1188
100;09.05.19;93.1884;0.931884;1187
100;14.05.19;93.7298;0.937298;1186
100;15.05.19;93.2879;0.932879;1185
100;16.05.19;92.8402;0.928402;1184
100;17.05.19;92.4263;0.924263;1183
100;18.05.19;92.5307;0.925307;1182
100;21.05.19;92.3247;0.923247;1181
100;22.05.19;92.3940;0.92394;1180
100;23.05.19;92.2860;0.92286;1179
100;24.05.19;92.3283;0.923283;1178
100;25.05.19;92.4991;0.924991;1177
100;28.05.19;92.2886;0.922886;1176
100;29.05.19;92.2057;0.922057;1175
100;30.05.19;92.7382;0.927382;1174
100;31.05.19;93.1400;0.9314;1173
100;01.06.19;93.4155;0.934155;1172
100;04.06.19;93.8507;0.938507;1171
100;05.06.19;93.2876;0.932876;1170
100;06.06.19;93.0374;0.930374;1169
100;07.06.19;93.1914;0.931914;1168
100;08.06.19;93.2466;0.932466;1167
100;11.06.19;92.5665;0.925665;1166
100;12.06.19;92.2887;0.922887;1165
100;14.06.19;92.3790;0.92379;1164
100;15.06.19;92.0992;0.920992;1163
100;18.06.19;92.1471;0.921471;1162
100;19.06.19;92.1048;0.921048;1161
100;20.06.19;91.6085;0.916085;1160
100;21.06.19;90.7483;0.907483;1159
100;22.06.19;90.5082;0.905082;1158
100;25.06.19;90.1928;0.901928;1157
100;26.06.19;89.8963;0.898963;1156
100;27.06.19;90.2548;0.902548;1155
100;28.06.19;90.6082;0.906082;1154
100;29.06.19;90.6649;0.906649;1153
100;02.07.19;90.5397;0.905397;1152
100;03.07.19;90.9721;0.909721;1151
100;04.07.19;90.9672;0.909672;1150
100;05.07.19;91.0938;0.910938;1149
100;06.07.19;91.2909;0.912909;1148
100;09.07.19;91.5697;0.915697;1147
100;10.07.19;91.3553;0.913553;1146
100;11.07.19;91.4023;0.914023;1145
100;12.07.19;90.2499;0.902499;1144
100;13.07.19;90.5466;0.905466;1143
100;16.07.19;90.2701;0.902701;1142
100;17.07.19;90.2484;0.902484;1141
100;18.07.19;90.4384;0.904384;1140
100;19.07.19;90.2062;0.902062;1139
100;20.07.19;90.2867;0.902867;1138
100;23.07.19;90.4201;0.904201;1137
100;24.07.19;90.5725;0.905725;1136
100;25.07.19;90.4308;0.904308;1135
100;26.07.19;90.5480;0.90548;1134
100;27.07.19;90.4659;0.904659;1133
100;30.07.19;91.0304;0.910304;1132
100;31.07.19;90.8140;0.90814;1131
100;01.08.19;90.8816;0.908816;1130
100;02.08.19;91.5183;0.915183;1129
100;03.08.19;92.6904;0.926904;1128
100;06.08.19;93.2682;0.932682;1127
100;07.08.19;93.4810;0.93481;1126
100;08.08.19;93.3236;0.933236;1125
100;09.08.19;93.3762;0.933762;1124
100;10.08.19;93.5546;0.935546;1123
100;13.08.19;93.8046;0.938046;1122
100;14.08.19;94.0526;0.940526;1121
100;15.08.19;93.4813;0.934813;1120
100;16.08.19;94.4805;0.944805;1119
100;17.08.19;94.6316;0.946316;1118
100;20.08.19;95.3101;0.953101;1117
100;21.08.19;95.5622;0.955622;1116
100;22.08.19;94.8267;0.948267;1115
100;23.08.19;93.8053;0.938053;1114
100;24.08.19;93.7677;0.937677;1113
100;27.08.19;94.3206;0.943206;1112
100;28.08.19;94.7327;0.947327;1111
100;29.08.19;95.2153;0.952153;1110
100;30.08.19;95.7634;0.957634;1109
100;31.08.19;95.4626;0.954626;1108
100;03.09.19;95.6547;0.956547;1107
100;04.09.19;96.0620;0.96062;1106
100;05.09.19;95.0084;0.950084;1105
100;06.09.19;94.3611;0.943611;1104
100;07.09.19;94.2834;0.942834;1103
100;10.09.19;93.6718;0.936718;1102
100;11.09.19;93.4847;0.934847;1101
100;12.09.19;93.4744;0.934744;1100
100;13.09.19;93.1299;0.931299;1099
100;14.09.19;92.1016;0.921016;1098
100;17.09.19;91.1817;0.911817;1097
100;18.09.19;91.8972;0.918972;1096
100;19.09.19;92.0954;0.920954;1095
100;20.09.19;91.7967;0.917967;1094
100;21.09.19;91.2665;0.912665;1093
100;24.09.19;91.3743;0.913743;1092
100;25.09.19;91.0417;0.910417;1091
100;26.09.19;91.7300;0.9173;1090
100;27.09.19;91.9894;0.919894;1089
100;28.09.19;92.1223;0.921223;1088
100;01.10.19;92.4469;0.924469;1087
100;02.10.19;93.1985;0.931985;1086
100;03.10.19;93.7329;0.937329;1085
100;04.10.19;93.2910;0.93291;1084
100;05.10.19;93.1460;0.93146;1083
100;08.10.19;92.8538;0.928538;1082
100;09.10.19;92.7337;0.927337;1081
100;10.10.19;93.0165;0.930165;1080
100;11.10.19;92.4959;0.924959;1079
100;12.10.19;91.7481;0.917481;1078
100;15.10.19;92.0021;0.920021;1077
100;16.10.19;91.8478;0.918478;1076
100;17.10.19;91.9359;0.919359;1075
100;18.10.19;91.4635;0.914635;1074
100;19.10.19;91.3775;0.913775;1073
100;22.10.19;91.1478;0.911478;1072
100;23.10.19;90.9844;0.909844;1071
100;24.10.19;91.2219;0.912219;1070
100;25.10.19;91.2638;0.912638;1069
100;26.10.19;91.4727;0.914727;1068
100;29.10.19;91.2689;0.912689;1067
100;30.10.19;91.2157;0.912157;1066
100;31.10.19;91.2917;0.912917;1065
100;01.11.19;91.1655;0.911655;1064
100;02.11.19;91.5326;0.915326;1063
100;06.11.19;90.4008;0.904008;1062
100;07.11.19;90.8757;0.908757;1061
100;08.11.19;91.0800;0.9108;1060
100;09.11.19;91.0796;0.910796;1059
100;12.11.19;91.3406;0.913406;1058
100;13.11.19;91.2282;0.912282;1057
100;14.11.19;91.7253;0.917253;1056
100;15.11.19;91.9257;0.919257;1055
100;16.11.19;91.2687;0.912687;1054
100;19.11.19;91.0774;0.910774;1053
100;20.11.19;91.1043;0.911043;1052
100;21.11.19;91.4590;0.91459;1051
100;22.11.19;91.2043;0.912043;1050
100;23.11.19;91.0144;0.910144;1049
100;26.11.19;91.0910;0.91091;1048
100;27.11.19;91.4758;0.914758;1047
100;28.11.19;91.3889;0.913889;1046
100;29.11.19;91.5721;0.915721;1045
100;30.11.19;91.5453;0.915453;1044
100;03.12.19;92.0402;0.920402;1043
100;04.12.19;91.6287;0.916287;1042
100;05.12.19;91.7069;0.917069;1041
100;06.12.19;91.1621;0.911621;1040
100;07.12.19;91.0264;0.910264;1039
100;10.12.19;91.0362;0.910362;1038
100;11.12.19;90.8269;0.908269;1037
100;12.12.19;90.8091;0.908091;1036
100;13.12.19;90.3224;0.903224;1035
100;14.12.19;89.3634;0.893634;1034
100;17.12.19;89.6717;0.896717;1033
100;18.12.19;89.3470;0.89347;1032
100;19.12.19;89.4185;0.894185;1031
100;20.12.19;89.3389;0.893389;1030
100;21.12.19;89.1657;0.891657;1029
100;24.12.19;88.9383;0.889383;1028
100;25.12.19;88.8739;0.888739;1027
100;26.12.19;88.2293;0.882293;1026
100;27.12.19;88.3025;0.883025;1025
100;28.12.19;88.7471;0.887471;1024
100;31.12.19;88.6304;0.886304;1023
100;01.01.20;88.6979;0.886979;1022
100;10.01.20;87.9036;0.879036;1021
100;11.01.20;87.9458;0.879458;1020
100;14.01.20;87.4924;0.874924;1019
100;15.01.20;87.9451;0.879451;1018
100;16.01.20;87.8622;0.878622;1017
100;17.01.20;88.2118;0.882118;1016
100;18.01.20;88.0916;0.880916;1015
100;21.01.20;87.9872;0.879872;1014
100;22.01.20;88.5199;0.885199;1013
100;23.01.20;88.5026;0.885026;1012
100;24.01.20;88.6831;0.886831;1011
100;25.01.20;88.4453;0.884453;1010
100;28.01.20;89.2172;0.892172;1009
100;29.01.20;89.9276;0.899276;1008
100;30.01.20;89.2901;0.892901;1007
100;31.01.20;90.2095;0.902095;1006
100;01.02.20;90.3564;0.903564;1005
100;04.02.20;91.4723;0.914723;1004
100;05.02.20;90.7795;0.907795;1003
100;06.02.20;90.4075;0.904075;1002
100;07.02.20;89.8815;0.898815;1001
100;08.02.20;90.8336;0.908336;1000
100;11.02.20;91.2612;0.912612;999
100;12.02.20;91.5163;0.915163;998
100;13.02.20;90.2254;0.902254;997
100;14.02.20;91.0191;0.910191;996
100;15.02.20;90.8073;0.908073;995
100;18.02.20;90.5997;0.905997;994
100;19.02.20;91.2598;0.912598;993
100;20.02.20;91.1541;0.911541;992
100;21.02.20;91.2206;0.912206;991
100;22.02.20;92.0197;0.920197;990
100;26.02.20;92.9077;0.929077;989
100;27.02.20;93.7746;0.937746;988
100;28.02.20;93.8929;0.938929;987
100;29.02.20;95.8695;0.958695;986
100;03.03.20;94.9199;0.949199;985
100;04.03.20;95.0864;0.950864;984
100;05.03.20;94.5636;0.945636;983
100;06.03.20;94.7167;0.947167;982
100;07.03.20;96.6369;0.966369;981
10;11.03.20;10.3068;1.03068;980
10;12.03.20;10.2282;1.02282;979
10;13.03.20;10.1652;1.01652;978
10;14.03.20;10.0418;1.00418;977
10;17.03.20;10.1669;1.01669;976
10;18.03.20;10.1345;1.01345;975
10;19.03.20;10.5903;1.05903;974
10;20.03.20;10.9944;1.09944;973
10;21.03.20;10.7168;1.07168;972
10;24.03.20;11.0950;1.1095;971
10;25.03.20;10.8172;1.08172;970
10;26.03.20;10.6738;1.06738;969
100;27.03.20;98.6901;0.986901;968
100;28.03.20;97.2264;0.972264;967
100;07.04.20;89.9985;0.899985;966
100;08.04.20;88.8770;0.88877;965
100;09.04.20;89.2242;0.892242;964
100;10.04.20;87.8756;0.878756;963
100;11.04.20;94.7875;0.947875;962
100;14.04.20;94.4715;0.944715;961
100;15.04.20;93.6555;0.936555;960
100;16.04.20;93.4125;0.934125;959
100;17.04.20;93.7245;0.937245;958
100;18.04.20;92.3906;0.923906;957
100;21.04.20;92.8993;0.928993;956
100;22.04.20;95.8466;0.958466;955
100;23.04.20;96.6034;0.966034;954
100;24.04.20;93.4099;0.934099;953
100;25.04.20;92.8614;0.928614;952
100;28.04.20;92.6501;0.926501;951
100;29.04.20;92.7433;0.927433;950
100;30.04.20;92.8494;0.928494;949
100;01.05.20;90.9415;0.909415;948
100;07.05.20;93.7366;0.937366;947
100;08.05.20;93.9516;0.939516;946
100;09.05.20;93.5934;0.935934;945
100;13.05.20;94.1115;0.941115;944
100;14.05.20;94.9025;0.949025;943
100;15.05.20;96.0536;0.960536;942
100;16.05.20;95.0722;0.950722;941
100;19.05.20;95.2587;0.952587;940
100;20.05.20;94.4408;0.944408;939
100;21.05.20;94.9758;0.949758;938
100;22.05.20;93.6640;0.93664;937
100;23.05.20;95.7688;0.957688;936
100;26.05.20;95.4298;0.954298;935
100;27.05.20;94.8228;0.948228;934
100;28.05.20;95.9032;0.959032;933
100;29.05.20;96.7137;0.967137;932
100;30.05.20;95.9470;0.95947;931
100;02.06.20;94.4663;0.944663;930
100;03.06.20;93.8294;0.938294;929
100;04.06.20;92.9192;0.929192;928
100;05.06.20;93.8984;0.938984;927
100;06.06.20;92.8371;0.928371;926
100;09.06.20;91.9892;0.919892;925
100;10.06.20;92.5237;0.925237;924
100;11.06.20;92.5657;0.925657;923
100;12.06.20;92.9530;0.92953;922
100;16.06.20;94.0994;0.940994;921
100;17.06.20;93.1259;0.931259;920
100;18.06.20;92.7666;0.927666;919
100;19.06.20;93.1286;0.931286;918
100;20.06.20;92.8919;0.928919;917
100;23.06.20;92.7205;0.927205;916
100;24.06.20;91.7600;0.9176;915
100;25.06.20;91.7655;0.917655;914
100;26.06.20;92.7020;0.92702;913
100;27.06.20;91.9878;0.919878;912
100;30.06.20;92.6883;0.926883;911
100;01.07.20;92.6665;0.926665;910
100;02.07.20;92.6668;0.926668;909
100;03.07.20;92.7892;0.927892;908
100;04.07.20;89.4505;0.894505;907
100;07.07.20;90.4767;0.904767;906
100;08.07.20;93.4419;0.934419;905
100;09.07.20;91.6660;0.91666;904
100;10.07.20;90.8093;0.908093;903
100;11.07.20;91.5260;0.91526;902
100;14.07.20;90.9038;0.909038;901
100;15.07.20;91.5066;0.915066;900
100;16.07.20;91.3113;0.913113;899
100;17.07.20;91.7360;0.91736;898
100;18.07.20;92.5662;0.925662;897
100;21.07.20;92.7628;0.927628;896
100;22.07.20;91.4913;0.914913;895
100;23.07.20;91.2609;0.912609;894
100;24.07.20;91.8615;0.918615;893
100;25.07.20;93.5595;0.935595;892
100;28.07.20;93.3416;0.933416;891
100;29.07.20;93.8293;0.938293;890
100;30.07.20;94.2405;0.942405;889
100;31.07.20;95.5156;0.955156;888
100;01.08.20;95.6287;0.956287;887
100;04.08.20;96.5827;0.965827;886
100;05.08.20;95.4602;0.954602;885
100;06.08.20;95.3433;0.953433;884
100;07.08.20;94.9801;0.949801;883
100;08.08.20;95.4473;0.954473;882
100;11.08.20;95.7157;0.957157;881
100;12.08.20;94.4540;0.94454;880
100;13.08.20;94.3360;0.94336;879
100;14.08.20;94.5088;0.945088;878
100;15.08.20;94.1076;0.941076;877
100;18.08.20;93.3391;0.933391;876
100;19.08.20;94.3303;0.943303;875
100;20.08.20;94.0261;0.940261;874
100;21.08.20;94.6997;0.946997;873
100;22.08.20;95.2885;0.952885;872
100;25.08.20;95.4082;0.954082;871
100;26.08.20;95.6516;0.956516;870
100;27.08.20;96.8739;0.968739;869
100;28.08.20;96.2001;0.962001;868
100;29.08.20;95.1240;0.95124;867
100;01.09.20;94.0231;0.940231;866
100;02.09.20;93.7441;0.937441;865
100;03.09.20;94.3581;0.943581;864
100;04.09.20;96.3932;0.963932;863
100;05.09.20;95.5124;0.955124;862
100;08.09.20;95.9774;0.959774;861
100;09.09.20;96.4540;0.96454;860
100;10.09.20;96.5925;0.965925;859
100;11.09.20;95.7255;0.957255;858
100;12.09.20;94.7970;0.94797;857
100;15.09.20;94.6356;0.946356;856
100;16.09.20;95.1123;0.951123;855
100;17.09.20;94.8453;0.948453;854
100;18.09.20;95.4240;0.95424;853
100;19.09.20;94.9928;0.949928;852
100;22.09.20;96.1636;0.961636;851
100;23.09.20;96.3019;0.963019;850
100;24.09.20;96.2959;0.962959;849
100;25.09.20;97.2311;0.972311;848
100;26.09.20;96.7779;0.967779;847
100;29.09.20;98.9240;0.98924;846
10;30.09.20;10.0198;1.00198;845
100;01.10.20;98.9419;0.989419;844
100;02.10.20;97.0490;0.97049;843
100;03.10.20;98.2094;0.982094;842
100;06.10.20;98.2554;0.982554;841
100;07.10.20;98.5787;0.985787;840
100;08.10.20;98.0516;0.980516;839
100;09.10.20;97.8301;0.978301;838
100;10.10.20;96.7160;0.96716;837
100;13.10.20;96.7104;0.967104;836
100;14.10.20;97.0388;0.970388;835
100;15.10.20;96.9766;0.969766;834
100;16.10.20;97.7889;0.977889;833
100;17.10.20;97.4555;0.974555;832
100;20.10.20;97.4051;0.974051;831
100;21.10.20;95.0549;0.950549;830
100;22.10.20;94.8296;0.948296;829
100;23.10.20;95.3651;0.953651;828
100;24.10.20;94.6720;0.94672;827
100;27.10.20;94.7768;0.947768;826
100;28.10.20;94.7833;0.947833;825
100;29.10.20;95.5927;0.955927;824
100;30.10.20;96.5407;0.965407;823
100;31.10.20;97.1067;0.971067;822
100;03.11.20;98.4696;0.984696;821
100;04.11.20;97.7677;0.977677;820
100;06.11.20;93.5007;0.935007;819
100;07.11.20;92.0268;0.920268;818
100;10.11.20;91.7798;0.917798;817
100;11.11.20;91.1196;0.911196;816
100;12.11.20;90.8924;0.908924;815
100;13.11.20;91.6466;0.916466;814
100;14.11.20;91.8636;0.918636;813
100;17.11.20;90.6781;0.906781;812
100;18.11.20;89.8922;0.898922;811
100;19.11.20;89.5076;0.895076;810
100;20.11.20;89.9327;0.899327;809
100;21.11.20;89.6271;0.896271;808
100;24.11.20;89.3142;0.893142;807
100;25.11.20;89.3787;0.893787;806
100;26.11.20;88.9828;0.889828;805
100;27.11.20;88.9476;0.889476;804
100;28.11.20;89.4298;0.894298;803
100;01.12.20;89.8313;0.898313;802
100;02.12.20;89.9745;0.899745;801
100;03.12.20;89.1404;0.891404;800
100;04.12.20;88.6512;0.886512;799
100;05.12.20;87.5395;0.875395;798
100;08.12.20;87.5316;0.875316;797
100;09.12.20;86.8412;0.868412;796
100;10.12.20;86.4177;0.864177;795
100;11.12.20;86.9014;0.869014;794
100;12.12.20;86.1982;0.861982;793
100;15.12.20;85.9716;0.859716;792
100;16.12.20;86.5590;0.86559;791
100;17.12.20;88.4371;0.884371;790
100;18.12.20;87.3705;0.873705;789
100;19.12.20;88.1459;0.881459;788
100;22.12.20;92.4993;0.924993;787
100;23.12.20;93.4546;0.934546;786
100;24.12.20;93.0621;0.930621;785
100;25.12.20;92.2233;0.922233;784
100;26.12.20;88.0746;0.880746;783
100;29.12.20;88.1050;0.88105;782
100;30.12.20;89.0251;0.890251;781
100;31.12.20;89.1537;0.891537;780
100;01.01.21;89.3546;0.893546;779
100;12.01.21;89.6651;0.896651;778
100;13.01.21;89.2485;0.892485;777
100;14.01.21;88.3597;0.883597;776
100;15.01.21;88.0126;0.880126;775
100;16.01.21;87.0079;0.870079;774
100;19.01.21;87.5334;0.875334;773
100;20.01.21;87.0417;0.870417;772
100;21.01.21;86.4766;0.864766;771
100;22.01.21;86.4928;0.864928;770
100;23.01.21;87.9526;0.879526;769
100;26.01.21;88.2806;0.882806;768
100;27.01.21;89.1734;0.891734;767
100;28.01.21;88.4726;0.884726;766
100;29.01.21;89.8336;0.898336;765
100;30.01.21;89.8920;0.89892;764
100;02.02.21;89.0107;0.890107;763
100;03.02.21;89.4845;0.894845;762
100;04.02.21;89.6918;0.896918;761
100;05.02.21;89.2793;0.892793;760
100;06.02.21;88.5508;0.885508;759
100;09.02.21;87.5429;0.875429;758
100;10.02.21;87.3818;0.873818;757
100;11.02.21;87.1887;0.871887;756
100;12.02.21;87.5702;0.875702;755
100;13.02.21;87.7942;0.877942;754
100;16.02.21;86.7179;0.867179;753
100;17.02.21;86.7415;0.867415;752
100;18.02.21;87.3941;0.873941;751
100;19.02.21;87.3702;0.873702;750
100;20.02.21;87.4668;0.874668;749
100;21.02.21;87.3475;0.873475;748
100;25.02.21;87.1028;0.871028;747
100;26.02.21;86.8033;0.868033;746
100;27.02.21;87.8764;0.878764;745
100;02.03.21;87.3405;0.873405;744
100;03.03.21;87.9317;0.879317;743
100;04.03.21;86.6572;0.866572;742
100;05.03.21;86.9844;0.869844;741
100;06.03.21;87.7401;0.877401;740
100;10.03.21;87.5474;0.875474;739
100;11.03.21;87.2825;0.872825;738
100;12.03.21;86.6463;0.866463;737
100;13.03.21;86.6565;0.866565;736
100;16.03.21;86.3305;0.863305;735
100;17.03.21;86.0124;0.860124;734
100;18.03.21;86.1774;0.861774;733
100;19.03.21;86.8353;0.868353;732
100;20.03.21;87.4000;0.874;731
100;23.03.21;87.9535;0.879535;730
100;24.03.21;88.8377;0.888377;729
100;25.03.21;89.7749;0.897749;728
100;26.03.21;89.7991;0.897991;727
100;27.03.21;89.3081;0.893081;726
100;30.03.21;89.3927;0.893927;725
100;31.03.21;89.2648;0.892648;724
100;01.04.21;89.1882;0.891882;723
100;02.04.21;89.3720;0.89372;722
100;03.04.21;89.6806;0.896806;721
100;06.04.21;90.3081;0.903081;720
100;07.04.21;90.0437;0.900437;719
100;08.04.21;91.6857;0.916857;718
100;09.04.21;90.9060;0.90906;717
100;10.04.21;90.9734;0.909734;716
100;13.04.21;91.3893;0.913893;715
100;14.04.21;91.0716;0.910716;714
100;15.04.21;89.2289;0.892289;713
100;16.04.21;90.7501;0.907501;712
100;17.04.21;89.0885;0.890885;711
100;20.04.21;89.8876;0.898876;710
100;21.04.21;89.6193;0.896193;709
100;22.04.21;90.5603;0.905603;708
100;23.04.21;90.1001;0.901001;707
100;24.04.21;88.5203;0.885203;706
100;27.04.21;88.1421;0.881421;705
100;28.04.21;88.3653;0.883653;704
100;29.04.21;88.3471;0.883471;703
100;30.04.21;87.6869;0.876869;702
100;01.05.21;88.2325;0.882325;701
100;05.05.21;88.7196;0.887196;700
100;06.05.21;88.2609;0.882609;699
100;07.05.21;87.9253;0.879253;698
100;08.05.21;87.3980;0.87398;697
100;12.05.21;87.5125;0.875125;696
100;13.05.21;87.3477;0.873477;695
100;14.05.21;87.8022;0.878022;694
100;15.05.21;87.3773;0.873773;693
100;18.05.21;87.2475;0.872475;692
100;19.05.21;87.4009;0.874009;691
100;20.05.21;87.4233;0.874233;690
100;21.05.21;87.6149;0.876149;689
100;22.05.21;87.6036;0.876036;688
100;25.05.21;87.7322;0.877322;687
100;26.05.21;87.7379;0.877379;686
100;27.05.21;88.2262;0.882262;685
100;28.05.21;88.4606;0.884606;684
100;29.05.21;88.2232;0.882232;683
100;01.06.21;87.6199;0.876199;682
100;02.06.21;87.5633;0.875633;681
100;03.06.21;87.0837;0.870837;680
100;04.06.21;86.6955;0.866955;679
100;05.06.21;86.5075;0.865075;678
100;08.06.21;86.1036;0.861036;677
100;09.06.21;86.0236;0.860236;676
100;10.06.21;85.1460;0.85146;675
100;11.06.21;85.3876;0.853876;674
100;12.06.21;84.8280;0.84828;673
100;16.06.21;84.7735;0.847735;672
100;17.06.21;85.1646;0.851646;671
100;18.06.21;85.7008;0.857008;670
100;19.06.21;85.3006;0.853006;669
100;22.06.21;86.5238;0.865238;668
100;23.06.21;86.5397;0.865397;667
100;24.06.21;85.9034;0.859034;666
100;25.06.21;85.4157;0.854157;665
100;26.06.21;85.2163;0.852163;664
100;29.06.21;85.2281;0.852281;663
100;30.06.21;85.4706;0.854706;662
100;01.07.21;85.8689;0.858689;661
100;02.07.21;86.0501;0.860501;660
100;03.07.21;86.8057;0.868057;659
100;06.07.21;86.4946;0.864946;658
100;07.07.21;86.3908;0.863908;657
100;08.07.21;87.3160;0.87316;656
100;09.07.21;88.6452;0.886452;655
100;10.07.21;87.7907;0.877907;654
100;13.07.21;88.0666;0.880666;653
100;14.07.21;87.3276;0.873276;652
100;15.07.21;87.4482;0.874482;651
100;16.07.21;87.5766;0.875766;650
100;17.07.21;87.4703;0.874703;649
100;20.07.21;87.6640;0.87664;648
100;21.07.21;87.8347;0.878347;647
100;22.07.21;87.8390;0.87839;646
100;23.07.21;86.9803;0.869803;645
100;24.07.21;87.3889;0.873889;644
100;27.07.21;87.9092;0.879092;643
100;28.07.21;87.4580;0.87458;642
100;29.07.21;87.0251;0.870251;641
100;30.07.21;86.4188;0.864188;640
100;31.07.21;86.2352;0.862352;639
100;03.08.21;86.1178;0.861178;638
100;04.08.21;85.9825;0.859825;637
100;05.08.21;85.9006;0.859006;636
100;06.08.21;86.3468;0.863468;635
100;07.08.21;86.3015;0.863015;634
100;10.08.21;86.6859;0.866859;633
100;11.08.21;86.7780;0.86778;632
100;12.08.21;87.2103;0.872103;631
100;13.08.21;86.7258;0.867258;630
100;14.08.21;86.4886;0.864886;629
100;17.08.21;86.5276;0.865276;628
100;18.08.21;86.6798;0.866798;627
100;19.08.21;86.6914;0.866914;626
100;20.08.21;87.6199;0.876199;625
100;21.08.21;87.8488;0.878488;624
100;24.08.21;87.4758;0.874758;623
100;25.08.21;87.3955;0.873955;622
100;26.08.21;87.0998;0.870998;621
100;27.08.21;87.3320;0.87332;620
100;28.08.21;87.3233;0.873233;619
100;31.08.21;86.8368;0.868368;618
100;01.09.21;86.4871;0.864871;617
100;02.09.21;86.3845;0.863845;616
100;03.09.21;85.9757;0.859757;615
100;04.09.21;85.9821;0.859821;614
100;07.09.21;86.0536;0.860536;613
100;08.09.21;86.3332;0.863332;612
100;09.09.21;86.6295;0.866295;611
100;10.09.21;86.2094;0.862094;610
100;11.09.21;85.7744;0.857744;609
100;14.09.21;86.1564;0.861564;608
100;15.09.21;85.7238;0.857238;607
100;16.09.21;85.8836;0.858836;606
100;17.09.21;85.3928;0.853928;605
100;18.09.21;85.5429;0.855429;604
100;21.09.21;86.4713;0.864713;603
100;22.09.21;86.3025;0.863025;602
100;23.09.21;85.9165;0.859165;601
100;24.09.21;85.7325;0.857325;600
100;25.09.21;86.0669;0.860669;599
100;28.09.21;85.6580;0.85658;598
100;29.09.21;85.4782;0.854782;597
100;30.09.21;85.7753;0.857753;596
100;01.10.21;85.6132;0.856132;595
100;02.10.21;85.9648;0.859648;594
100;05.10.21;85.9693;0.859693;593
100;06.10.21;85.5488;0.855488;592
100;07.10.21;85.5483;0.855483;591
100;08.10.21;85.2149;0.852149;590
100;09.10.21;84.8726;0.848726;589
100;12.10.21;84.4509;0.844509;588
100;13.10.21;84.7371;0.847371;587
100;14.10.21;84.7107;0.847107;586
100;15.10.21;84.6245;0.846245;585
100;16.10.21;83.9791;0.839791;584
100;19.10.21;83.9016;0.839016;583
100;20.10.21;83.6650;0.83665;582
100;21.10.21;83.7714;0.837714;581
100;22.10.21;83.6951;0.836951;580
100;23.10.21;83.5372;0.835372;579
100;26.10.21;82.6988;0.826988;578
100;27.10.21;81.9991;0.819991;577
100;28.10.21;82.3078;0.823078;576
100;29.10.21;83.1452;0.831452;575
100;30.10.21;83.1363;0.831363;574
100;02.11.21;83.8013;0.838013;573
100;03.11.21;84.2712;0.842712;572
100;04.11.21;84.2744;0.842744;571
100;09.11.21;84.1684;0.841684;570
100;10.11.21;84.0376;0.840376;569
100;11.11.21;83.3402;0.833402;568
100;12.11.21;83.9317;0.839317;567
100;13.11.21;84.6566;0.846566;566
100;16.11.21;85.2170;0.85217;565
100;17.11.21;85.5422;0.855422;564
100;18.11.21;85.8580;0.85858;563
100;19.11.21;85.5993;0.855993;562
100;20.11.21;85.7764;0.857764;561
100;23.11.21;86.6085;0.866085;560
100;24.11.21;88.2302;0.882302;559
100;25.11.21;87.6754;0.876754;558
100;26.11.21;87.9440;0.87944;557
100;27.11.21;89.1074;0.891074;556
100;30.11.21;88.4200;0.8842;555
100;01.12.21;88.2884;0.882884;554
100;02.12.21;87.2177;0.872177;553
100;03.12.21;87.3145;0.873145;552
100;04.12.21;86.9433;0.869433;551
100;07.12.21;86.8520;0.86852;550
100;08.12.21;87.4071;0.874071;549
100;09.12.21;87.0568;0.870568;548
100;10.12.21;86.7652;0.867652;547
100;11.12.21;86.8476;0.868476;546
100;14.12.21;86.5582;0.865582;545
100;15.12.21;86.6121;0.866121;544
100;16.12.21;87.0634;0.870634;543
100;17.12.21;86.7373;0.867373;542
100;18.12.21;86.9322;0.869322;541
100;21.12.21;87.5842;0.875842;540
100;22.12.21;87.0262;0.870262;539
100;23.12.21;86.9931;0.869931;538
100;24.12.21;86.4816;0.864816;537
100;25.12.21;86.2885;0.862885;536
100;28.12.21;86.3407;0.863407;535
100;29.12.21;86.6419;0.866419;534
100;30.12.21;86.8252;0.868252;533
100;31.12.21;87.5906;0.875906;532
100;11.01.22;88.5701;0.885701;531
100;12.01.22;88.2211;0.882211;530
100;13.01.22;87.8703;0.878703;529
100;14.01.22;87.9191;0.879191;528
100;15.01.22;89.3193;0.893193;527
100;18.01.22;89.6625;0.896625;526
100;19.01.22;90.0097;0.900097;525
100;20.01.22;90.6315;0.906315;524
100;21.01.22;90.1160;0.90116;523
100;22.01.22;90.4270;0.90427;522
100;25.01.22;91.2069;0.912069;521
100;26.01.22;92.7155;0.927155;520
100;27.01.22;93.0709;0.930709;519
100;28.01.22;93.0749;0.930749;518
100;29.01.22;91.7386;0.917386;517
100;01.02.22;91.3279;0.913279;516
100;02.02.22;90.9290;0.90929;515
100;03.02.22;90.1694;0.901694;514
100;04.02.22;90.3672;0.903672;513
100;05.02.22;89.6774;0.896774;512
100;08.02.22;89.2174;0.892174;511
100;09.02.22;88.7745;0.887745;510
100;10.02.22;88.1899;0.881899;509
100;11.02.22;88.0898;0.880898;508
100;12.02.22;88.3994;0.883994;507
100;15.02.22;90.2896;0.902896;506
100;16.02.22;89.7958;0.897958;505
100;17.02.22;88.4373;0.884373;504
100;18.02.22;89.3039;0.893039;503
100;19.02.22;89.3132;0.893132;502
100;22.02.22;90.4982;0.904982;501
100;23.02.22;94.8038;0.948038;500
10;25.02.22;10.2478;1.02478;499
100;26.02.22;98.4926;0.984926;498
10;01.03.22;11.0069;1.10069;497
10;02.03.22;10.7936;1.07936;496
10;03.03.22;10.8736;1.08736;495
10;04.03.22;11.6802;1.16802;494
10;05.03.22;10.9465;1.09465;493
10;06.03.22;10.8333;1.08333;492
10;10.03.22;11.8824;1.18824;491
10;11.03.22;12.3281;1.23281;490
10;12.03.22;11.9527;1.19527;489
10;15.03.22;11.0309;1.10309;488
10;16.03.22;10.8235;1.08235;487
10;17.03.22;10.3915;1.03915;486
10;18.03.22;10.0406;1.00406;485
10;19.03.22;10.0979;1.00979;484
10;22.03.22;10.1687;1.01687;483
10;23.03.22;10.2599;1.02599;482
10;24.03.22;10.1916;1.01916;481
100;25.03.22;97.1747;0.971747;480
100;26.03.22;96.5109;0.965109;479
100;29.03.22;95.0403;0.950403;478
100;30.03.22;90.3741;0.903741;477
100;31.03.22;88.0706;0.880706;476
100;01.04.22;87.3632;0.873632;475
100;02.04.22;97.0099;0.970099;474
100;05.04.22;97.4658;0.974658;473
100;06.04.22;97.2602;0.972602;472
100;07.04.22;90.8094;0.908094;471
100;08.04.22;83.8373;0.838373;470
100;09.04.22;80.7754;0.807754;469
100;12.04.22;91.8935;0.918935;468
100;13.04.22;92.5685;0.925685;467
100;14.04.22;95.6224;0.956224;466
100;15.04.22;99.8255;0.998255;465
100;16.04.22;98.3350;0.98335;464
100;19.04.22;98.7637;0.987637;463
100;20.04.22;97.5491;0.975491;462
100;21.04.22;93.3663;0.933663;461
100;22.04.22;93.3240;0.93324;460
100;23.04.22;90.8983;0.908983;459
100;26.04.22;88.2912;0.882912;458
100;27.04.22;86.3552;0.863552;457
100;28.04.22;86.6234;0.866234;456
100;29.04.22;87.4491;0.874491;455
100;30.04.22;86.5073;0.865073;454
100;05.05.22;84.6537;0.846537;453
100;06.05.22;80.7778;0.807778;452
100;07.05.22;82.1760;0.82176;451
100;12.05.22;83.2817;0.832817;450
100;13.05.22;79.5795;0.795795;449
100;14.05.22;76.8094;0.768094;448
100;17.05.22;77.0114;0.770114;447
100;18.05.22;77.2269;0.772269;446
100;19.05.22;79.1807;0.791807;445
100;20.05.22;77.9942;0.779942;444
100;21.05.22;73.7279;0.737279;443
100;24.05.22;73.2185;0.732185;442
100;25.05.22;71.6591;0.716591;441
100;26.05.22;70.8171;0.708171;440
100;27.05.22;78.0497;0.780497;439
100;28.05.22;82.2086;0.822086;438
100;31.05.22;76.4188;0.764188;437
100;01.06.22;75.5820;0.75582;436
100;02.06.22;77.2785;0.772785;435
100;03.06.22;77.4528;0.774528;434
100;04.06.22;77.9445;0.779445;433
100;07.06.22;76.8672;0.768672;432
100;08.06.22;76.6748;0.766748;431
100;09.06.22;75.7498;0.757498;430
100;10.06.22;73.4370;0.73437;429
100;11.06.22;72.6755;0.726755;428
100;15.06.22;71.8137;0.718137;427
100;16.06.22;71.2726;0.712726;426
100;17.06.22;71.5326;0.715326;425
100;18.06.22;71.3325;0.713325;424
100;21.06.22;70.6575;0.706575;423
100;22.06.22;68.8109;0.688109;422
100;23.06.22;67.0174;0.670174;421
100;24.06.22;67.1131;0.671131;420
100;25.06.22;67.0723;0.670723;419
100;28.06.22;67.1244;0.671244;418
100;29.06.22;66.6288;0.666288;417
100;30.06.22;64.3497;0.643497;416
100;01.07.22;66.0532;0.660532;415
100;02.07.22;67.6322;0.676322;414
100;05.07.22;69.2903;0.692903;413
100;06.07.22;73.5997;0.735997;412
100;07.07.22;79.1333;0.791333;411
100;08.07.22;76.6527;0.766527;410
100;09.07.22;74.1317;0.741317;409
100;12.07.22;74.1778;0.741778;408
100;13.07.22;71.7983;0.717983;407
100;14.07.22;72.2874;0.722874;406
100;15.07.22;71.8333;0.718333;405
100;16.07.22;71.4249;0.714249;404
100;19.07.22;70.6304;0.706304;403
100;20.07.22;69.6319;0.696319;402
100;21.07.22;68.9678;0.689678;401
100;22.07.22;70.8817;0.708817;400
100;23.07.22;71.9561;0.719561;399
100;26.07.22;71.8489;0.718489;398
100;27.07.22;72.4558;0.724558;397
100;28.07.22;73.1103;0.731103;396
100;29.07.22;72.4723;0.724723;395
100;30.07.22;73.7131;0.737131;394
100;02.08.22;74.7737;0.747737;393
100;03.08.22;72.3601;0.723601;392
100;04.08.22;72.4551;0.724551;391
100;05.08.22;72.5843;0.725843;390
100;06.08.22;72.7382;0.727382;389
100;09.08.22;72.6704;0.726704;388
100;10.08.22;72.8987;0.728987;387
100;11.08.22;73.5182;0.735182;386
100;12.08.22;73.6972;0.736972;385
100;13.08.22;74.2635;0.742635;384
100;16.08.22;74.5065;0.745065;383
100;17.08.22;75.6382;0.756382;382
100;18.08.22;75.0237;0.750237;381
100;19.08.22;73.8375;0.738375;380
100;20.08.22;73.0206;0.730206;379
100;23.08.22;73.9838;0.739838;378
100;24.08.22;74.5638;0.745638;377
100;25.08.22;74.7222;0.747222;376
100;26.08.22;74.3582;0.743582;375
100;27.08.22;74.4789;0.744789;374
100;30.08.22;74.8000;0.748;373
100;31.08.22;74.8060;0.74806;372
100;01.09.22;74.6460;0.74646;371
100;02.09.22;74.5669;0.745669;370
100;03.09.22;74.6274;0.746274;369
100;06.09.22;75.2168;0.752168;368
100;07.09.22;75.0813;0.750813;367
100;08.09.22;75.2203;0.752203;366
100;09.09.22;74.2492;0.742492;365
100;10.09.22;73.6774;0.736774;364
100;13.09.22;73.7449;0.737449;363
100;14.09.22;73.3621;0.733621;362
100;15.09.22;73.1350;0.73135;361
100;16.09.22;73.6201;0.736201;360
100;17.09.22;74.0662;0.740662;359
100;20.09.22;74.2342;0.742342;358
100;21.09.22;73.9732;0.739732;357
100;22.09.22;74.9668;0.749668;356
100;23.09.22;73.3794;0.733794;355
100;24.09.22;71.2317;0.712317;354
100;27.09.22;71.1866;0.711866;353
100;28.09.22;72.2618;0.722618;352
100;29.09.22;72.8177;0.728177;351
100;30.09.22;71.6025;0.716025;350
100;01.10.22;68.9707;0.689707;349
100;04.10.22;71.7998;0.717998;348
100;05.10.22;73.2498;0.732498;347
100;06.10.22;73.9507;0.739507;346
100;07.10.22;74.8699;0.748699;345
100;08.10.22;75.3203;0.753203;344
100;11.10.22;76.5584;0.765584;343
100;12.10.22;77.3337;0.773337;342
100;13.10.22;76.5033;0.765033;341
100;14.10.22;75.9606;0.759606;340
100;15.10.22;75.4467;0.754467;339
100;18.10.22;74.6677;0.746677;338
100;19.10.22;75.1188;0.751188;337
100;20.10.22;74.8737;0.748737;336
100;21.10.22;74.6746;0.746746;335
100;22.10.22;74.0749;0.740749;334
100;25.10.22;74.0195;0.740195;333
100;26.10.22;74.2023;0.742023;332
100;27.10.22;74.2604;0.742604;331
100;28.10.22;73.9878;0.739878;330
100;29.10.22;73.9168;0.739168;329
100;01.11.22;73.7960;0.73796;328
100;02.11.22;73.5697;0.735697;327
100;03.11.22;73.7825;0.737825;326
100;04.11.22;74.1615;0.741615;325
100;08.11.22;72.9025;0.729025;324
100;09.11.22;72.5938;0.725938;323
100;10.11.22;72.5619;0.725619;322
100;11.11.22;72.7207;0.727207;321
100;12.11.22;71.4323;0.714323;320
100;15.11.22;71.5774;0.715774;319
100;16.11.22;71.4755;0.714755;318
100;17.11.22;71.4845;0.714845;317
100;18.11.22;71.5091;0.715091;316
100;19.11.22;71.4966;0.714966;315
100;22.11.22;71.9533;0.719533;314
100;23.11.22;71.8413;0.718413;313
100;24.11.22;71.6600;0.7166;312
100;25.11.22;71.5190;0.71519;311
100;26.11.22;71.6160;0.71616;310
100;29.11.22;71.9518;0.719518;309
100;30.11.22;72.3221;0.723221;308
100;01.12.22;72.0919;0.720919;307
100;02.12.22;72.4072;0.724072;306
100;03.12.22;73.1497;0.731497;305
100;06.12.22;73.6352;0.736352;304
100;07.12.22;74.0857;0.740857;303
100;08.12.22;74.0873;0.740873;302
100;09.12.22;73.6585;0.736585;301
100;10.12.22;73.4330;0.73433;300
100;13.12.22;73.8875;0.738875;299
100;14.12.22;74.4108;0.744108;298
100;15.12.22;74.5839;0.745839;297
100;16.12.22;75.6933;0.756933;296
100;17.12.22;76.0539;0.760539;295
100;20.12.22;78.1017;0.781017;294
100;21.12.22;80.5459;0.805459;293
100;22.12.22;82.3129;0.823129;292
100;23.12.22;84.1860;0.84186;291
100;24.12.22;80.1541;0.801541;290
100;27.12.22;79.8888;0.798888;289
100;28.12.22;81.6230;0.81623;288
100;29.12.22;83.2471;0.832471;287
100;30.12.22;84.0077;0.840077;286
100;31.12.22;82.0933;0.820933;285
100;10.01.23;82.0497;0.820497;284
100;11.01.23;81.2435;0.812435;283
100;12.01.23;80.5558;0.805558;282
100;13.01.23;79.1054;0.791054;281
100;14.01.23;78.8683;0.788683;280
100;17.01.23;79.7026;0.797026;279
100;18.01.23;80.1405;0.801405;278
100;19.01.23;80.3838;0.803838;277
100;20.01.23;80.1579;0.801579;276
100;21.01.23;79.7696;0.797696;275
100;24.01.23;79.6721;0.796721;274
100;25.01.23;79.8988;0.798988;273
100;26.01.23;80.0985;0.800985;272
100;27.01.23;80.2651;0.802651;271
100;28.01.23;80.4843;0.804843;270
100;31.01.23;80.7808;0.807808;269
100;01.02.23;81.8542;0.818542;268
100;02.02.23;81.3949;0.813949;267
100;03.02.23;81.2351;0.812351;266
100;04.02.23;81.6054;0.816054;265
100;07.02.23;81.8540;0.81854;264
100;08.02.23;81.7075;0.817075;263
100;09.02.23;82.4897;0.824897;262
100;10.02.23;84.0093;0.840093;261
100;11.02.23;83.8953;0.838953;260
100;14.02.23;84.8573;0.848573;259
100;15.02.23;84.9318;0.849318;258
100;16.02.23;85.3256;0.853256;257
100;17.02.23;85.5226;0.855226;256
100;18.02.23;85.5168;0.855168;255
100;21.02.23;84.6982;0.846982;254
100;22.02.23;85.6340;0.85634;253
100;23.02.23;85.4595;0.854595;252
100;28.02.23;86.2902;0.862902;251
100;01.03.23;85.6706;0.856706;250
100;02.03.23;86.0841;0.860841;249
100;03.03.23;86.3347;0.863347;248
100;04.03.23;86.3180;0.86318;247
100;07.03.23;86.3336;0.863336;246
100;08.03.23;86.3163;0.863163;245
100;10.03.23;86.8254;0.868254;244
100;11.03.23;86.8687;0.868687;243
100;14.03.23;86.3199;0.863199;242
100;15.03.23;86.0133;0.860133;241
100;16.03.23;86.6480;0.86648;240
100;17.03.23;87.4051;0.874051;239
100;18.03.23;87.6280;0.87628;238
100;21.03.23;88.3576;0.883576;237
100;22.03.23;87.8944;0.878944;236
100;23.03.23;88.0303;0.880303;235
100;24.03.23;87.2880;0.87288;234
100;25.03.23;87.4490;0.87449;233
100;28.03.23;87.5843;0.875843;232
100;29.03.23;87.6160;0.87616;231
100;30.03.23;88.0555;0.880555;230
100;31.03.23;88.1792;0.881792;229
100;01.04.23;88.4504;0.884504;228
100;04.04.23;89.1684;0.891684;227
100;05.04.23;90.7759;0.907759;226
100;06.04.23;90.9358;0.909358;225
100;07.04.23;92.2801;0.922801;224
100;08.04.23;94.2562;0.942562;223
100;11.04.23;93.5073;0.935073;222
100;12.04.23;94.0058;0.940058;221
100;13.04.23;93.9069;0.939069;220
100;14.04.23;93.3291;0.933291;219
100;15.04.23;93.1267;0.931267;218
100;18.04.23;93.2698;0.932698;217
100;19.04.23;93.2458;0.932458;216
100;20.04.23;93.2986;0.932986;215
100;21.04.23;93.2573;0.932573;214
100;22.04.23;93.1059;0.931059;213
100;25.04.23;92.8639;0.928639;212
100;26.04.23;93.1786;0.931786;211
100;27.04.23;93.2671;0.932671;210
100;28.04.23;93.1902;0.931902;209
100;29.04.23;91.9896;0.919896;208
100;03.05.23;91.3630;0.91363;207
100;04.05.23;90.6160;0.90616;206
100;05.05.23;90.0441;0.900441;205
100;06.05.23;87.9902;0.879902;204
100;11.05.23;87.8498;0.878498;203
100;12.05.23;86.9198;0.869198;202
100;13.05.23;88.4354;0.884354;201
100;16.05.23;90.5508;0.905508;200
100;17.05.23;91.4246;0.914246;199
100;18.05.23;92.2829;0.922829;198
100;19.05.23;91.4510;0.91451;197
100;20.05.23;91.3040;0.91304;196
100;23.05.23;91.3367;0.913367;195
100;24.05.23;91.5979;0.915979;194
100;25.05.23;91.3699;0.913699;193
100;26.05.23;91.3165;0.913165;192
100;27.05.23;91.2966;0.912966;191
100;30.05.23;91.3980;0.91398;190
100;31.05.23;92.1192;0.921192;189
100;01.06.23;92.4697;0.924697;188
100;02.06.23;92.4405;0.924405;187
100;03.06.23;92.3343;0.923343;186
100;06.06.23;92.9713;0.929713;185
100;07.06.23;92.9621;0.929621;184
100;08.06.23;93.2176;0.932176;183
100;09.06.23;93.8099;0.938099;182
100;10.06.23;94.3618;0.943618;181
100;14.06.23;95.4909;0.954909;180
100;15.06.23;96.2723;0.962723;179
100;16.06.23;95.8569;0.958569;178
100;17.06.23;95.5015;0.955015;177
100;20.06.23;96.0106;0.960106;176
100;21.06.23;96.4422;0.964422;175
100;22.06.23;96.4979;0.964979;174
100;23.06.23;95.7706;0.957706;173
100;24.06.23;96.3125;0.963125;172
100;27.06.23;96.9551;0.969551;171
100;28.06.23;97.4120;0.97412;170
100;29.06.23;98.0635;0.980635;169
100;30.06.23;99.7792;0.997792;168
10;01.07.23;10.1357;1.01357;167
10;04.07.23;10.2308;1.02308;166
10;05.07.23;10.2419;1.02419;165
10;06.07.23;10.3158;1.03158;164
10;07.07.23;10.5685;1.05685;163
10;08.07.23;10.4500;1.045;162
10;11.07.23;10.4280;1.0428;161
10;12.07.23;10.3151;1.03151;160
10;13.07.23;10.3142;1.03142;159
10;14.07.23;10.2624;1.02624;158
10;15.07.23;10.2559;1.02559;157
10;18.07.23;10.2905;1.02905;156
10;19.07.23;10.3210;1.0321;155
10;20.07.23;10.3795;1.03795;154
10;21.07.23;10.3396;1.03396;153
10;22.07.23;10.2862;1.02862;152
10;25.07.23;10.2992;1.02992;151
10;26.07.23;10.2552;1.02552;150
10;27.07.23;10.2739;1.02739;149
10;28.07.23;10.2765;1.02765;148
10;29.07.23;10.3810;1.0381;147
10;01.08.23;10.4430;1.0443;146
10;02.08.23;10.4549;1.04549;145
10;03.08.23;10.5793;1.05793;144
10;04.08.23;10.6846;1.06846;143
10;05.08.23;10.7940;1.0794;142
10;08.08.23;10.9897;1.09897;141
10;09.08.23;10.9338;1.09338;140
10;10.08.23;11.0845;1.10845;139
10;11.08.23;11.0708;1.10708;138
10;12.08.23;11.1573;1.11573;137
10;15.08.23;11.4467;1.14467;136
10;16.08.23;11.0368;1.10368;135
10;17.08.23;10.9555;1.09555;134
10;18.08.23;10.6204;1.06204;133
10;19.08.23;10.5817;1.05817;132
10;22.08.23;10.6653;1.06653;131
10;23.08.23;10.6771;1.06771;130
10;24.08.23;10.7112;1.07112;129
10;25.08.23;10.6997;1.06997;128
10;26.08.23;10.7359;1.07359;127
10;29.08.23;10.8185;1.08185;126
10;30.08.23;10.8453;1.08453;125
10;31.08.23;10.8696;1.08696;124
10;01.09.23;10.9156;1.09156;123
10;02.09.23;10.9158;1.09158;122
10;05.09.23;10.9479;1.09479;121
10;06.09.23;11.0500;1.105;120
10;07.09.23;11.0846;1.10846;119
10;08.09.23;11.1104;1.11104;118
10;09.09.23;11.0801;1.10801;117
10;12.09.23;10.9185;1.09185;116
10;13.09.23;10.7143;1.07143;115
10;14.09.23;10.8586;1.08586;114
10;15.09.23;10.8444;1.08444;113
10;16.09.23;10.8932;1.08932;112
10;19.09.23;10.8947;1.08947;111
10;20.09.23;10.8470;1.0847;110
10;21.09.23;10.8914;1.08914;109
10;22.09.23;10.8304;1.08304;108
10;23.09.23;10.8265;1.08265;107
10;26.09.23;10.8382;1.08382;106
10;27.09.23;10.8486;1.08486;105
10;28.09.23;10.8781;1.08781;104
10;29.09.23;10.9347;1.09347;103
10;30.09.23;10.9813;1.09813;102
10;03.10.23;11.1012;1.11012;101
10;04.10.23;11.1901;1.11901;100
10;05.10.23;11.2113;1.12113;99
10;06.10.23;11.2362;1.12362;98
10;07.10.23;11.3013;1.13013;97
10;10.10.23;11.3990;1.1399;96
10;11.10.23;11.2387;1.12387;95
10;12.10.23;11.2439;1.12439;94
10;13.10.23;10.8775;1.08775;93
10;14.10.23;10.9126;1.09126;92
10;17.10.23;10.9088;1.09088;91
10;18.10.23;10.8985;1.08985;90
10;19.10.23;10.9015;1.09015;89
10;20.10.23;10.8942;1.08942;88
10;21.10.23;10.7373;1.07373;87
10;24.10.23;10.6032;1.06032;86
10;25.10.23;10.4705;1.04705;85
10;26.10.23;10.4289;1.04289;84
10;27.10.23;10.4749;1.04749;83
10;28.10.23;10.4363;1.04363;82
10;31.10.23;10.4393;1.04393;81
10;01.11.23;10.3027;1.03027;80
10;02.11.23;10.4434;1.04434;79
10;03.11.23;10.4314;1.04314;78
10;04.11.23;10.4159;1.04159;77
10;08.11.23;10.3465;1.03465;76
10;09.11.23;10.3221;1.03221;75
10;10.11.23;10.2918;1.02918;74
10;11.11.23;10.3060;1.0306;73
10;14.11.23;10.3133;1.03133;72
10;15.11.23;10.2169;1.02169;71
10;16.11.23;10.0165;1.00165;70
100;17.11.23;99.6347;0.996347;69
100;18.11.23;99.9976;0.999976;68
100;21.11.23;99.3016;0.993016;67
100;22.11.23;98.7194;0.987194;66
100;23.11.23;99.1378;0.991378;65
100;24.11.23;99.2152;0.992152;64
10;25.11.23;10.0210;1.0021;63
100;28.11.23;99.8362;0.998362;62
100;29.11.23;99.6525;0.996525;61
100;30.11.23;99.8280;0.99828;60
100;01.12.23;99.3468;0.993468;59
10;02.12.23;10.0646;1.00646;58
10;05.12.23;10.1537;1.01537;57
10;06.12.23;10.2539;1.02539;56
10;07.12.23;10.3877;1.03877;55
10;08.12.23;10.3633;1.03633;54
10;09.12.23;10.2598;1.02598;53
10;12.12.23;10.1864;1.01864;52
10;13.12.23;10.1003;1.01003;51
10;14.12.23;10.0776;1.00776;50
10;15.12.23;10.0668;1.00668;49
10;16.12.23;10.0745;1.00745;48
10;19.12.23;10.1534;1.01534;47
10;20.12.23;10.1202;1.01202;46
10;21.12.23;10.1733;1.01733;45
10;22.12.23;10.3174;1.03174;44
10;23.12.23;10.3042;1.03042;43
10;26.12.23;10.3146;1.03146;42
10;27.12.23;10.3034;1.03034;41
10;28.12.23;10.3006;1.03006;40
10;29.12.23;10.1394;1.01394;39
10;30.12.23;10.0677;1.00677;38
10;10.01.24;10.1257;1.01257;37
10;11.01.24;10.0086;1.00086;36
100;12.01.24;99.3974;0.993974;35
100;13.01.24;98.6704;0.986704;34
100;16.01.24;98.1608;0.981608;33
100;17.01.24;98.1295;0.981295;32
100;18.01.24;98.9479;0.989479;31
100;19.01.24;99.2821;0.992821;30
100;20.01.24;99.1850;0.99185;29
100;23.01.24;98.5052;0.985052;28
100;24.01.24;98.4649;0.984649;27
100;25.01.24;98.8444;0.988444;26
100;26.01.24;99.2568;0.992568;25
10;27.01.24;10.0219;1.00219;24
10;30.01.24;10.0324;1.00324;23
100;31.01.24;99.9650;0.99965;22
10;01.02.24;10.0389;1.00389;21
10;02.02.24;10.1019;1.01019;20
10;03.02.24;10.1503;1.01503;19
10;06.02.24;10.2028;1.02028;18
10;07.02.24;10.1402;1.01402;17
10;08.02.24;10.1925;1.01925;16
10;09.02.24;10.2042;1.02042;15
10;10.02.24;10.1633;1.01633;14
10;13.02.24;10.1840;1.0184;13
10;14.02.24;10.1986;1.01986;12
10;15.02.24;10.2238;1.02238;11
10;16.02.24;10.2677;1.02677;10
10;17.02.24;10.3488;1.03488;9
10;20.02.24;10.3332;1.03332;8
10;21.02.24;10.3264;1.03264;7
10;22.02.24;10.3364;1.03364;6
10;23.02.24;10.3715;1.03715;5
10;27.02.24;10.3581;1.03581;4
10;28.02.24;10.2921;1.02921;3
10;29.02.24;10.2727;1.02727;2
10;01.03.24;10.1590;1.0159;1
